{
  "categories": [
    {
      "id": 0,
      "name": "\u1203\u12ed\u120b\u1295\u12f5"
    },
    {
      "id": 1,
      "name": "\u121b\u1295\u12aa\u12eb"
    },
    {
      "id": 2,
      "name": "\u121b\u1328\u123b"
    },
    {
      "id": 3,
      "name": "\u122e\u12ae\u1266\u1275"
    },
    {
      "id": 4,
      "name": "\u1232\u1292"
    },
    {
      "id": 5,
      "name": "\u1233\u1205\u1295"
    },
    {
      "id": 6,
      "name": "\u1235\u120d\u12ad"
    },
    {
      "id": 7,
      "name": "\u1260\u122b\u12f5"
    },
    {
      "id": 8,
      "name": "\u1262\u120b"
    },
    {
      "id": 9,
      "name": "\u1275\u122a"
    },
    {
      "id": 10,
      "name": "\u12a4\u122d\u130c\u1295\u12f6"
    },
    {
      "id": 11,
      "name": "\u12f5\u1235\u1275"
    },
    {
      "id": 12,
      "name": "\u1300\u1260\u1293"
    },
    {
      "id": 13,
      "name": "\u1306\u12ad"
    },
    {
      "id": 14,
      "name": "\u132b\u121b"
    }
  ],
  "info": {
    "year": 2025,
    "version": "1.0",
    "contributor": "Label Studio"
  }
}